id_user,full_name,gender,email,ville,is_personne
1,Cinda Cicconetti,Female,ccicconetti0@google.es,Erlangkou,true
2,Reagan Schwander,Male,rschwander1@ehow.com,La Paz,true
3,Edyth Kubach,Female,ekubach2@icio.us,Dassa-Zoumé,true
4,Nate Jenne,Male,njenne3@hc360.com,Padre Burgos,true
5,Sandie Gianuzzi,Female,sgianuzzi4@purevolume.com,Suwaluh,true
6,Gus Appleton,Male,gappleton5@free.fr,Suzdal’,true
7,Tony Knappe,Male,tknappe6@businessweek.com,Socorro,true
8,Oates Deabill,Male,odeabill7@woothemes.com,Fagersta,true
9,Lucienne Savin,Female,lsavin8@blogtalkradio.com,Al Lagowa,true
10,Frederik Saph,Male,fsaph9@cnn.com,Yecun,true
11,Matthew Trassler,Male,mtrasslera@nymag.com,Tochigi,true
12,Noll Boribal,Male,nboribalb@123-reg.co.uk,Independencia,true
13,Dorelle Casine,Female,dcasinec@a8.net,Changping,true
14,Lenora Lindsey,Female,llindseyd@infoseek.co.jp,Austin,true
15,Rosa Puller,Female,rpullere@dot.gov,Täby,true
16,Kym Pavlovic,Male,kpavlovicf@techcrunch.com,Araras,true
17,Renate Denkin,Female,rdenking@ed.gov,Los Angeles,true
18,Sherye Murrell,Female,smurrellh@dmoz.org,Alto Río Senguer,true
19,Morlee Buckland,Male,mbucklandi@elegantthemes.com,Esperanza,true
20,Janel Blatherwick,Female,jblatherwickj@sogou.com,Ban Na San,true
21,Emilee Semarke,Female,esemarkek@jiathis.com,North Little Rock,true
22,Eryn Deverick,Female,edeverickl@prlog.org,Sovetskaya,true
23,Obed Ateggart,Male,oateggartm@networkadvertising.org,Marigot,true
24,Everett Aldrich,Female,ealdrichn@businessinsider.com,Antalaha,true
25,Osbert Mapples,Male,omappleso@skyrock.com,Rada Tilly,true
26,Antonella Iannitti,Female,aiannittip@vistaprint.com,Drosiá,true
27,Daisy Crowder,Female,dcrowderq@usatoday.com,Leeuwarden,true
28,Olly Pilpovic,Female,opilpovicr@cpanel.net,Yartsevo,true
29,Jeromy Bevar,Male,jbevars@free.fr,Guantang,true
30,Brunhilde Hedditeh,Female,bhedditeht@php.net,Tissa,true
31,Whitaker Cherrison,Bigender,wcherrisonu@artisteer.com,Novoselec,true
32,Bogey Tubb,Male,btubbv@amazon.com,Masinloc,true
33,Fielding Poulsen,Male,fpoulsenw@sakura.ne.jp,Bukuru,true
34,Winifield Gudyer,Male,wgudyerx@senate.gov,Chamical,true
35,Robert Headley,Male,rheadleyy@usatoday.com,Yabēlo,true
36,Michaelina Pina,Female,mpinaz@washington.edu,Gurra e Vogël,true
37,Belia Olivie,Female,bolivie10@columbia.edu,Oslo,true
38,Betta Rentoll,Female,brentoll11@amazon.co.uk,Serednye Vodyane,true
39,Hervey Schurig,Male,hschurig12@ezinearticles.com,Shipka,true
40,Erich Szepe,Male,eszepe13@cbslocal.com,Parravak’ar,true
41,Wyatt Simony,Male,wsimony14@behance.net,Goge,true
42,Dionisio Cherrington,Male,dcherrington15@imgur.com,São Pedro Gafanhoeira,true
43,Keir Jirus,Male,kjirus16@technorati.com,Pignon,true
44,Farrell Ozintsev,Male,fozintsev17@cnn.com,Polonnaruwa,true
45,Tome Linner,Male,tlinner18@google.cn,Wuma,true
46,Nolie Whotton,Female,nwhotton19@bing.com,Stockholm,true
47,Julio Proudlove,Male,jproudlove1a@washingtonpost.com,Cielmice,true
48,Dallis Tabor,Male,dtabor1b@skyrock.com,Real,true
49,Georgena Churchman,Female,gchurchman1c@squidoo.com,Ambarawa,true
50,Margie Bogaert,Female,mbogaert1d@themeforest.net,Masvingo,true
51,Karen Gludor,Female,kgludor1e@cpanel.net,Shahrak,true
52,Wallache Biscomb,Male,wbiscomb1f@bbb.org,Magatos,true
53,Ebonee Camoletto,Female,ecamoletto1g@soup.io,Buenaventura,true
54,Marybeth Pilch,Female,mpilch1h@dmoz.org,Chibombo,true
55,Mahmoud Tranckle,Male,mtranckle1i@purevolume.com,Dārān,true
56,Leese Mecchi,Female,lmecchi1j@nsw.gov.au,Pô,true
57,Hewe Skillett,Male,hskillett1k@exblog.jp,Linao,true
58,Olia Bowlands,Female,obowlands1l@twitter.com,Kardzhin,true
59,Magdalene Mole,Female,mmole1m@homestead.com,New Bedford,true
60,Elston Ebbings,Male,eebbings1n@newyorker.com,Changsha,true
61,Kit McCardle,Male,kmccardle1o@dell.com,Koltushi,true
62,Gayel Costerd,Female,gcosterd1p@pen.io,Ribeiro,true
63,Malachi Warrilow,Male,mwarrilow1q@eventbrite.com,Shaoha,true
64,Inglis Belliard,Male,ibelliard1r@yahoo.com,Shuangwang,true
65,Bennett Kelleway,Male,bkelleway1s@google.fr,Ramanavichy,true
66,Kendal Rispin,Male,krispin1t@archive.org,Saint-Denis,true
67,Kelci Sarge,Female,ksarge1u@yellowbook.com,Zhumadian,true
68,Rayna Bedle,Female,rbedle1v@simplemachines.org,Zbąszynek,true
69,Alfie Estevez,Male,aestevez1w@imgur.com,Bonao,true
70,Keir Mityushin,Male,kmityushin1x@msu.edu,Valladolid,true
71,Uri Tulley,Male,utulley1y@geocities.com,Pacatuba,true
72,Benjie Delve,Male,bdelve1z@apache.org,Shinpokh,true
73,Ermina Maitland,Female,emaitland20@theatlantic.com,Qihama,true
74,Leontine Russan,Bigender,lrussan21@ebay.com,Mairinque,true
75,Kevin Clee,Male,kclee22@cargocollective.com,Uren’,true
76,Lazare Hast,Male,lhast23@slashdot.org,Muzi,true
77,Harley Fillon,Female,hfillon24@reverbnation.com,Kirovsk,true
78,Elise Capron,Female,ecapron25@abc.net.au,Taipingguan,true
79,Kip Driuzzi,Female,kdriuzzi26@naver.com,Hudong,true
80,Amanda Challener,Female,achallener27@cdc.gov,Tabora,true
81,Keary Chewter,Male,kchewter28@myspace.com,Manturovo,true
82,Aurelie Coop,Female,acoop29@sogou.com,Tower,true
83,Gisela Cavey,Female,gcavey2a@nba.com,Yōkaichiba,true
84,Frederich McCann,Male,fmccann2b@wp.com,Agboville,true
85,Burlie Crighton,Male,bcrighton2c@joomla.org,Quatá,true
86,Joane Klewi,Female,jklewi2d@printfriendly.com,Atescatempa,true
87,Aldric Betser,Male,abetser2e@wikia.com,Leping,true
88,Kelwin Gerrill,Male,kgerrill2f@pen.io,Xibu,true
89,Elvira Blenkinship,Female,eblenkinship2g@ezinearticles.com,Outeiro de Polima,true
90,Humfried Mackiewicz,Male,hmackiewicz2h@reuters.com,Round Rock,true
91,Doyle Cardall,Male,dcardall2i@nba.com,Huangtu,true
92,Sidnee Betancourt,Male,sbetancourt2j@dell.com,Solana,true
93,Meara Blaase,Female,mblaase2k@ted.com,Oklahoma City,true
94,Aleece Shawyer,Female,ashawyer2l@tinyurl.com,Áno Kopanákion,true
95,Hilario Chastaing,Male,hchastaing2m@github.io,Aykhal,true
96,Haleigh Mazella,Female,hmazella2n@prnewswire.com,Bordeaux,true
97,Phillis Seaborn,Female,pseaborn2o@indiatimes.com,Vaiusu,true
98,Arlina Olivia,Female,aolivia2p@paginegialle.it,Ipoh,true
99,Jobyna Hischke,Female,jhischke2q@nifty.com,Železná Ruda,true
100,Caron Chawkley,Female,cchawkley2r@dmoz.org,Odintsovo,true
101,Nilson Beacham,Male,nbeacham2s@w3.org,Tylicz,true
102,Brier Lyokhin,Female,blyokhin2t@sohu.com,Giraldo,true
103,Roxane Ringwood,Female,rringwood2u@walmart.com,Adela,true
104,Glennie Walas,Female,gwalas2v@uiuc.edu,Korobitsyno,true
105,Saleem Vanyashkin,Male,svanyashkin2w@google.com,Ash Shajarah,true
106,Avrit Duesberry,Female,aduesberry2x@blogs.com,Xuhui,true
107,Abbi Thonger,Female,athonger2y@behance.net,Kaeng Khoi,true
108,Sammy Brussels,Male,sbrussels2z@cafepress.com,Talhār,true
109,Jeane Mighele,Female,jmighele30@naver.com,Shahr-e Şafā,true
110,Shurwood Benallack,Male,sbenallack31@un.org,Conceição da Abóboda,true
111,Reagen Rickeard,Male,rrickeard32@dailymotion.com,Quế Sơn,true
112,Brianne Rubertis,Bigender,brubertis33@gnu.org,Coloncito,true
113,Fayina Pearl,Female,fpearl34@github.io,El Paisnal,true
114,Corabelle Ralphs,Female,cralphs35@bigcartel.com,Wuluo,true
115,Cleve Tenby,Male,ctenby36@sphinn.com,Liangyaping,true
116,Amye Vittle,Female,avittle37@parallels.com,Rafaela,true
117,Hansiain Cosley,Male,hcosley38@patch.com,Anulid,true
118,Hyacinthe Raymond,Female,hraymond39@google.fr,Curvelo,true
119,Beverie Cattermoul,Bigender,bcattermoul3a@geocities.jp,Banjar Dukuh,true
120,Penrod Bungey,Male,pbungey3b@mozilla.org,Monastir,true
121,Gerhard Silk,Male,gsilk3c@ox.ac.uk,Dukay,true
122,Marijo Tummons,Bigender,mtummons3d@mail.ru,Bansko,true
123,Ario Firman,Male,afirman3e@cargocollective.com,Paranaíba,true
124,Sidnee Counihan,Male,scounihan3f@msn.com,Augsburg,true
125,Pammy Blencoe,Female,pblencoe3g@plala.or.jp,Bystra,true
126,Jasmine Westman,Bigender,jwestman3h@nbcnews.com,Ampera,true
127,Lorrin Petracek,Female,lpetracek3i@fda.gov,Boaco,true
128,Selestina Pilsbury,Female,spilsbury3j@artisteer.com,Sarov,true
129,Alisander Bolden,Male,abolden3k@topsy.com,Bicurga,true
130,Thibaut Phythian,Female,tphythian3l@example.com,Kaiapoi,true
131,Kimmi Laverenz,Female,klaverenz3m@ibm.com,Itambé,true
132,Dacie Laverack,Female,dlaverack3n@dailymail.co.uk,Xuji,true
133,Menard Sabbin,Male,msabbin3o@usda.gov,Madolenihm Municipality Government,true
134,Kalila Stubbin,Female,kstubbin3p@google.it,Bielefeld,true
135,Marne Shrive,Female,mshrive3q@ameblo.jp,Wentai,true
136,Paola Wooland,Female,pwooland3r@tmall.com,Mutum Biyu,true
137,Adelaide Derricoat,Female,aderricoat3s@angelfire.com,Kieta,true
138,Olympe Keyhoe,Female,okeyhoe3t@cam.ac.uk,Ţūlkarm,true
139,Kirby Cordeau,Male,kcordeau3u@sourceforge.net,Guaíra,true
140,Blane Woodvine,Male,bwoodvine3v@yellowpages.com,Taketoyo,true
141,Tabina McCrory,Female,tmccrory3w@gmpg.org,Koronadal,true
142,Allayne Ducarne,Male,aducarne3x@edublogs.org,Hejiaping,true
143,Alic Sleeny,Male,asleeny3y@google.com.au,Abilay,true
144,Bea Crone,Female,bcrone3z@umn.edu,Alcoutim,true
145,Elga Gentner,Female,egentner40@ucoz.ru,Cervantes,true
146,Bartie Millam,Male,bmillam41@exblog.jp,Śliwice,true
147,Tye Bradlaugh,Male,tbradlaugh42@ebay.co.uk,Madura,true
148,Alfreda Cockren,Female,acockren43@google.co.jp,Lang Suan,true
149,Boris Tutchell,Male,btutchell44@google.com.br,Mariposa,true
150,Danie Fagan,Male,dfagan45@deviantart.com,Balete,true
